seed,duration,num_tries,num_input_toks,num_output_toks
0,134.02818417549133,100,106988,972
1,114.22625160217285,100,106988,986
2,114.75866675376892,100,106988,1096
3,114.11549139022827,100,106988,1123
4,200.43795680999756,100,106988,955
5,125.66710424423218,100,106988,1067
6,111.78509879112244,100,106988,1181
7,111.64904141426086,100,106988,1117
8,123.23081636428833,100,106988,1093
9,125.73159694671631,100,106988,1177
10,114.539297580719,100,106988,997
